{
  "cnvkit_version": "0.9.9",
  "cnvkit_cmd": "python3 /home/programs/cnvkit.py batch -m wgs -r /opt/gpbeta_2/gp_home/jobResults/91786/data_repo/GRCh38/GRCh38_cnvkit_filtered_ref.cnn -p 8 -d /opt/gpbeta_2/gp_home/jobResults/91786/ff12_cnvkit_output/ /opt/gpbeta_2/gp_home/users/edwin5588/uploads/FF-12FASTQ/AA_run.cs.rmdup.bam ; python3 /home/programs/cnvkit.py segment /opt/gpbeta_2/gp_home/jobResults/91786/ff12_cnvkit_output/AA_run.cs.rmdup.cnr  -p 8 -m cbs -o /opt/gpbeta_2/gp_home/jobResults/91786/ff12_cnvkit_output/AA_run.cs.rmdup.cns",
  "amplified_intervals_cmd": "python /home/programs/AmpliconArchitect-master/src/amplified_intervals.py --ref GRCh38 --bed /opt/gpbeta_2/gp_home/jobResults/91786//AA_run.cs.rmdup_CNV_CALLS_pre_filtered.bed --bam /opt/gpbeta_2/gp_home/users/edwin5588/uploads/FF-12FASTQ/AA_run.cs.rmdup.bam --gain 4.5 --cnsize_min 50000 --out /opt/gpbeta_2/gp_home/jobResults/91786/ff12_AA_CNV_SEEDS",
  "AA_version": "AmpliconArchitect version 1.3.r5",
  "AA_cmd": "python /home/programs/AmpliconArchitect-master/src/AmpliconArchitect.py --ref GRCh38 --downsample 10 --bed /opt/gpbeta_2/gp_home/jobResults/91786/ff12_AA_CNV_SEEDS.bed --bam /opt/gpbeta_2/gp_home/users/edwin5588/uploads/FF-12FASTQ/AA_run.cs.rmdup.bam --runmode FULL --extendmode EXPLORE --out /opt/gpbeta_2/gp_home/jobResults/91786/ff12_AA_results//ff12",
  "AC_cmd": "python3 /home/programs/AmpliconClassifier-main/amplicon_classifier.py -i /opt/gpbeta_2/gp_home/jobResults/91786/ff12_classification/ff12.input --ref GRCh38 -o /opt/gpbeta_2/gp_home/jobResults/91786/ff12_classification/ff12 --report_complexity",
  "AC_version": "0.4.16",
  "launch_datetime": "2023-06-06 19:29:34.690050",
  "hostname": "bb8b919b23de",
  "ref_genome": "GRCh38",
  "AA_python_version": "Python 2.7.18",
  "PAA_command": "/home/programs/AmpliconSuite-pipeline-master/PrepareAA.py -s ff12 -t 8 --ref GRCh38 --sorted_bam /opt/gpbeta_2/gp_home/users/edwin5588/uploads/FF-12FASTQ/AA_run.cs.rmdup.bam --run_AA --run_AC --cnvkit_dir /home/programs/cnvkit.py ",
  "PAA_version": "0.1477.3",
  "bwa_cmd": "NA"
}