chrom1	pos1	chrom2	pos2	sv_type	read_support	features	orientation	pos1_flanking_coordinate	pos2_flanking_coordinate
chr7	55033809	chr7	55055763	duplication-like	2	Linear amplification	-+	55033810	55055762
chr7	55055646	chr7	55056553	deletion-like	2	Linear amplification	+-	55055645	55056554
chr7	55033528	chr7	55106497	deletion-like	2	None	+-	55033527	55106498
chr7	55055695	chr7	55107626	deletion-like	2	Linear amplification	+-	55055694	55107627
chr7	55104833	chr7	55136749	inversion	2	None	--	55104834	55136750
