sample_name	amplicon_number	feature	gene	gene_cn	truncated	is_canonical_oncogene
ff12	amplicon1	ecDNA_1	ATP2B4	32.412584275674746	5p	False
ff12	amplicon1	ecDNA_1	ERLNC1	32.412584275674746	None	False
ff12	amplicon1	ecDNA_1	ETNK2	32.412584275674746	None	False
ff12	amplicon1	ecDNA_1	GOLT1A	32.412584275674746	None	False
ff12	amplicon1	ecDNA_1	KISS1	32.412584275674746	None	False
ff12	amplicon1	ecDNA_1	LAX1	32.412584275674746	None	False
ff12	amplicon1	ecDNA_1	LRRN2	32.35043602718739	None	False
ff12	amplicon1	ecDNA_1	MDM4	32.27904783214952	None	True
ff12	amplicon1	ecDNA_1	NFASC	33.30102283473364	3p	False
ff12	amplicon1	ecDNA_1	PIK3C2B	32.27904783214952	None	False
ff12	amplicon1	ecDNA_1	PLEKHA6	32.3101219563931	None	False
ff12	amplicon1	ecDNA_1	PPP1R15B	32.27904783214952	None	False
ff12	amplicon1	ecDNA_1	REN	32.412584275674746	None	False
ff12	amplicon1	ecDNA_1	SNORA77	32.412584275674746	None	False
ff12	amplicon1	ecDNA_1	SNRPE	32.412584275674746	None	False
ff12	amplicon1	ecDNA_1	SOX13	32.412584275674746	None	False
ff12	amplicon1	ecDNA_1	ZBED6	32.412584275674746	None	False
ff12	amplicon1	ecDNA_1	ZC3H11A	32.412584275674746	None	False
ff12	amplicon2	Linear amplification_1	EGFR	8.840441718819285	None	True
ff12	amplicon2	Linear amplification_1	EGFR-AS1	8.840441718819285	None	False
ff12	amplicon2	Linear amplification_1	ELDR	8.840441718819285	None	False
ff12	amplicon2	Linear amplification_1	LANCL2	7.79146623475361	3p	False
