[
  {
    "AA PDF file": "/opt/gpbeta_2/gp_home/jobResults/91786/ff12_classification/files/ff12_amplicon1.pdf",
    "AA PNG file": "/opt/gpbeta_2/gp_home/jobResults/91786/ff12_classification/files/ff12_amplicon1.png",
    "AA amplicon number": "1",
    "AA summary file": "/opt/gpbeta_2/gp_home/jobResults/91786/ff12_classification/files/ff12_summary.txt",
    "All genes": "['ERLNC1', 'ETNK2', 'GOLT1A', 'KISS1', 'LAX1', 'LRRN2', 'MDM4', 'NFASC', 'PIK3C2B', 'PLEKHA6', 'PPP1R15B', 'REN', 'SNORA77', 'SNRPE', 'SOX13', 'ZBED6', 'ZC3H11A']",
    "CNV BED file": "/opt/gpbeta_2/gp_home/jobResults/91786/ff12_classification/files/AA_run.cs.rmdup_CNV_CALLS.bed",
    "Captured interval length": "1194421",
    "Classification": "ecDNA",
    "Complexity score": "0.19012607211057814",
    "Feature BED file": "/opt/gpbeta_2/gp_home/jobResults/91786/ff12_classification/ff12_classification_bed_files/ff12_amplicon1_ecDNA_1_intervals.bed",
    "Feature ID": "ff12_amplicon1_ecDNA_1",
    "Feature maximum copy number": "33.30102283473364",
    "Feature median copy number": "32.412584275674746",
    "Filter flag": "None",
    "Location": "['chr1:203712170-204906591']",
    "Oncogenes": "['MDM4']",
    "Reference version": "GRCh38",
    "Run metadata JSON": "/opt/gpbeta_2/gp_home/jobResults/91786/ff12_classification/files/ff12_run_metadata.json",
    "Sample metadata JSON": "/opt/gpbeta_2/gp_home/jobResults/91786/ff12_classification/files/ff12_sample_metadata.json",
    "Sample name": "ff12",
    "Sample type": "",
    "Tissue of origin": ""
  },
  {
    "AA PDF file": "/opt/gpbeta_2/gp_home/jobResults/91786/ff12_classification/files/ff12_amplicon2.pdf",
    "AA PNG file": "/opt/gpbeta_2/gp_home/jobResults/91786/ff12_classification/files/ff12_amplicon2.png",
    "AA amplicon number": "2",
    "AA summary file": "/opt/gpbeta_2/gp_home/jobResults/91786/ff12_classification/files/ff12_summary.txt",
    "All genes": "['EGFR', 'EGFR-AS1', 'ELDR', 'LANCL2']",
    "CNV BED file": "/opt/gpbeta_2/gp_home/jobResults/91786/ff12_classification/files/AA_run.cs.rmdup_CNV_CALLS.bed",
    "Captured interval length": "448102",
    "Classification": "Linear amplification",
    "Complexity score": "1.2306672310761524",
    "Feature BED file": "/opt/gpbeta_2/gp_home/jobResults/91786/ff12_classification/ff12_classification_bed_files/ff12_amplicon2_Linear amplification_1_intervals.bed",
    "Feature ID": "ff12_amplicon2_Linear amplification_1",
    "Feature maximum copy number": "8.840441718819285",
    "Feature median copy number": "7.301530235741785",
    "Filter flag": "None",
    "Location": "['chr7:54876300-55064100', 'chr7:55106498-55366800']",
    "Oncogenes": "['EGFR']",
    "Reference version": "GRCh38",
    "Run metadata JSON": "/opt/gpbeta_2/gp_home/jobResults/91786/ff12_classification/files/ff12_run_metadata.json",
    "Sample metadata JSON": "/opt/gpbeta_2/gp_home/jobResults/91786/ff12_classification/files/ff12_sample_metadata.json",
    "Sample name": "ff12",
    "Sample type": "",
    "Tissue of origin": ""
  }
]